Supplier_id,Supplier_phone,Supplier_name
SU0001,+44 7779 892147,"Smith, Martin and Archer"
SU0002,+44 7926 247759,Thompson and Sons
SU0003,+44 7635 559560,"Hall, Turner and Clayton"
SU0004,+44 7898 960488,"Butler, Jenkins and Blake"
SU0005,+44 7709 200631,"Stevens, Evans and Walker"
SU0006,+44 7318 335722,Miller-Finch
SU0007,+44 7297 936265,"Morley, Davey and Anderson"
SU0008,+44 7273 955484,Kaur and Sons
SU0009,+44 7752 633272,Lane Group
SU0010,+44 7677 829490,Bartlett Inc
SU0011,+44 7216 263970,Coleman-Clarke
SU0012,+44 7872 968932,Harrison LLC
SU0013,+44 7827 572355,Giles Group
SU0014,+44 7119 649930,"Kent, Kelly and Wilkinson"
SU0015,+44 7715 723859,Burrows Group
SU0016,+44 7726 899349,Baker-Matthews
SU0017,+44 7739 104114,Sutton-Donnelly
SU0018,+44 7445 161803,"Thomas, Robinson and Patel"
SU0019,+44 7440 765185,Moore-Jones
SU0020,+44 7292 637431,Miller Ltd
SU0021,+44 7778 267170,"Mahmood, Coleman and Archer"
SU0022,+44 7226 768812,Hammond Group
SU0023,+44 7459 944882,"Thompson, Williams and Thomas"
SU0024,+44 7358 247301,"Smith, Waters and Ward"
SU0025,+44 7571 318506,Johnson Group
SU0026,+44 7885 621946,"Stokes, Matthews and Smith"
SU0027,+44 7105 298358,"Smith, Heath and Wheeler"
SU0028,+44 7253 441091,"Hughes, Gould and McLean"
SU0029,+44 7137 841590,"Reid, Fowler and Young"
SU0030,+44 7435 472817,Young-Leach
SU0031,+44 7571 571368,Jones LLC
SU0032,+44 7500 598502,Harvey PLC
SU0033,+44 7186 295050,Higgins-Begum
SU0034,+44 7702 154767,Poole-Kemp
SU0035,+44 7100 219423,Banks-Shah
SU0036,+44 7948 536523,Hayward and Sons
SU0037,+44 7740 965428,"Smith, Perkins and Jones"
SU0038,+44 7777 738842,Rose Group
SU0039,+44 7615 854919,Atkinson Inc
SU0040,+44 7552 900308,Powell PLC
SU0041,+44 7590 690004,Hughes PLC
SU0042,+44 7374 666032,"Ford, Bennett and Williams"
SU0043,+44 7576 136804,Taylor LLC
SU0044,+44 7480 436866,"Wood, Bailey and Macdonald"
SU0045,+44 7649 919797,"Young, Farmer and Bates"
SU0046,+44 7177 541010,Brennan LLC
SU0047,+44 7888 172391,"Randall, Burns and Gardner"
SU0048,+44 7267 656350,Williams Ltd
SU0049,+44 7786 320241,Dawson PLC
SU0050,+44 7831 750358,Cooper-Robinson
